timestamp_ms,frame,subframe,rnti,direction,nb_rb,mcs,tbs_bytes,cqi,retx,hol_delay_ms,avg_thr_kbps,mlwdf_score
3520,352,0,7e22,DL,4,0,11,0,0,1,117.22,4.20
3553,355,3,7e22,DL,2,12,47,15,0,1,199.19,5.36
3572,357,2,7e22,DL,2,0,4,15,0,1,288.33,3.70
3577,357,7,7e22,DL,2,7,28,15,0,1,309.10,3.46
3599,359,9,7e22,DL,2,0,4,15,0,1,389.02,2.75
3622,362,2,1a69,DL,4,0,11,0,0,1,75.43,6.52
3627,362,7,7e22,DL,2,3,13,15,0,1,468.24,2.28
3652,365,2,7e22,DL,2,0,4,15,0,1,522.40,2.04
3653,365,3,7e22,DL,2,5,18,15,0,1,524.30,2.04
3672,367,2,7e22,DL,2,0,4,15,0,1,556.92,1.92
3673,367,3,7e22,DL,2,27,157,15,0,1,558.47,1.91
3674,367,4,1a69,DL,2,12,47,15,0,1,263.55,4.05
3692,369,2,7e22,DL,2,0,4,15,0,1,585.16,1.83
3693,369,3,1a69,DL,2,0,4,15,0,1,341.50,3.13
3699,369,9,1a69,DL,2,7,28,15,0,1,363.18,2.94
3708,370,8,7e22,DL,2,1,7,15,0,1,604.00,1.77
3716,371,6,7e22,DL,2,11,41,15,0,1,612.35,1.74
3720,372,0,1a69,DL,2,0,4,15,0,1,429.55,2.49
3738,373,8,1a69,DL,2,3,13,15,0,1,476.30,2.24
3743,374,3,7e22,DL,2,1,7,15,0,1,636.03,1.68
3763,376,3,1a69,DL,2,0,4,15,0,1,528.66,2.02
3764,376,4,1a69,DL,2,5,18,15,0,1,530.50,2.01
3769,376,9,7e22,DL,2,0,4,15,0,1,653.50,1.63
3783,378,3,1a69,DL,2,0,4,15,0,1,562.05,1.90
3784,378,4,1a69,DL,2,27,157,15,0,1,563.55,1.90
3803,380,3,1a69,DL,2,0,4,15,0,1,589.35,1.81
3819,381,9,1a69,DL,2,1,7,15,0,1,607.57,1.76
3824,382,4,1a69,DL,2,11,41,15,0,1,612.69,1.74
3840,384,0,1a69,DL,2,11,41,15,0,1,627.44,1.70
3854,385,4,1a69,DL,2,1,7,15,0,1,638.54,1.67
3880,388,0,1a69,DL,2,0,4,15,0,1,655.43,1.63
1551,155,1,1a69,DL,2,0,4,15,0,1,712.00,1.50
1682,168,2,7e22,DL,2,0,4,15,0,1,712.00,1.50
6943,694,3,1a69,DL,2,0,4,15,0,1,712.00,1.50
7921,792,1,7e22,DL,2,0,4,15,0,1,712.00,1.50
6069,606,9,1a69,DL,2,0,4,15,0,1,712.00,1.50
6781,678,1,1a69,DL,2,0,4,15,0,1,712.00,1.50
6782,678,2,1a69,DL,2,15,69,15,0,1,712.00,1.50
6811,681,1,1a69,DL,2,0,4,15,0,1,712.00,1.50
6812,681,2,1a69,DL,2,23,125,15,0,1,712.00,1.50
6841,684,1,1a69,DL,2,0,4,15,0,1,712.00,1.50
6842,684,2,1a69,DL,2,23,125,15,0,1,712.00,1.50
6864,686,4,1a69,DL,2,10,37,15,0,1,712.00,1.50
6865,686,5,1a69,DL,18,28,1692,15,0,16,712.00,24.00
6867,686,7,1a69,DL,2,0,4,15,0,1,712.00,1.50
6917,691,7,1a69,DL,2,0,4,15,0,1,712.00,1.50
6918,691,8,1a69,DL,2,14,61,15,0,1,712.00,1.50
6943,694,3,1a69,DL,2,0,4,15,0,1,712.00,1.50
7052,705,2,7e22,DL,2,0,4,15,0,1,712.00,1.50
7053,705,3,7e22,DL,2,15,69,15,0,1,712.00,1.50
7080,708,0,7e22,DL,2,0,4,15,0,1,712.00,1.50
7081,708,1,7e22,DL,2,23,125,15,0,1,712.00,1.50
7110,711,0,7e22,DL,2,0,4,15,0,1,712.00,1.50
7111,711,1,7e22,DL,2,23,125,15,0,1,712.00,1.50
7133,713,3,7e22,DL,18,28,1692,15,0,17,712.00,25.50
7136,713,6,7e22,DL,2,0,4,15,0,1,712.00,1.50
7186,718,6,7e22,DL,2,0,4,15,0,1,712.00,1.50
7187,718,7,7e22,DL,2,14,61,15,0,1,712.00,1.50
7212,721,2,7e22,DL,2,0,4,15,0,1,712.00,1.50
7237,723,7,1a69,DL,18,28,1692,15,0,16,712.00,24.00
7528,752,8,7e22,DL,18,28,1692,15,0,16,712.00,24.00
7642,764,2,1a69,DL,18,28,1692,15,0,16,712.00,24.00
7944,794,4,7e22,DL,18,28,1692,15,0,16,712.00,24.00
8053,805,3,1a69,DL,18,28,1692,15,0,16,712.00,24.00
8348,834,8,7e22,DL,18,28,1692,15,0,16,712.00,24.00
8447,844,7,1a69,DL,18,28,1692,15,0,16,712.00,24.00
8736,873,6,7e22,DL,18,28,1692,15,0,16,712.00,24.00
8840,884,0,1a69,DL,17,28,1572,15,0,16,712.00,24.00
9121,912,1,7e22,DL,18,28,1692,15,0,16,712.00,24.00
9228,922,8,1a69,DL,18,28,1692,15,0,16,712.00,24.00
9515,951,5,7e22,DL,18,28,1692,15,0,16,712.00,24.00
9542,954,2,7e22,DL,2,0,4,15,0,1,712.00,1.50
9620,962,0,1a69,DL,17,28,1572,15,0,16,712.00,24.00
9909,990,9,7e22,DL,18,28,1692,15,0,16,712.00,24.00
10014,1001,4,1a69,DL,18,28,1692,15,0,16,712.00,24.00
58,5,8,7e22,DL,18,28,1692,15,0,16,712.00,24.00
169,16,9,1a69,DL,18,28,1692,15,0,16,712.00,24.00
457,45,7,7e22,DL,18,28,1692,15,0,16,712.00,24.00
561,56,1,1a69,DL,18,28,1692,15,0,16,712.00,24.00
865,86,5,7e22,DL,18,28,1692,15,0,16,712.00,24.00
973,97,3,1a69,DL,18,28,1692,15,0,16,712.00,24.00
1267,126,7,7e22,DL,18,28,1692,15,0,16,712.00,24.00
1378,137,8,1a69,DL,18,28,1692,15,0,16,712.00,24.00
1626,162,6,7e22,DL,18,28,1692,15,0,16,712.00,24.00
1706,170,6,1a69,DL,18,28,1692,15,0,16,712.00,24.00
1948,194,8,7e22,DL,18,28,1692,15,0,16,712.00,24.00
2041,204,1,1a69,DL,18,28,1692,15,0,1,712.00,1.50
2283,228,3,7e22,DL,18,28,1692,15,0,16,712.00,24.00
2377,237,7,1a69,DL,18,28,1692,15,0,16,712.00,24.00
2610,261,0,7e22,DL,17,28,1572,15,0,16,712.00,24.00
2700,270,0,1a69,DL,17,28,1572,15,0,16,712.00,24.00
2952,295,2,7e22,DL,18,28,1692,15,0,16,712.00,24.00
3040,304,0,1a69,DL,17,28,1572,15,0,16,712.00,24.00
3294,329,4,7e22,DL,18,28,1692,15,0,16,712.00,24.00
3371,337,1,1a69,DL,18,28,1692,15,0,16,712.00,24.00
3590,359,0,7e22,DL,17,28,1572,15,0,16,712.00,24.00
3670,367,0,1a69,DL,17,28,1572,15,0,16,712.00,24.00
3906,390,6,7e22,DL,18,28,1692,15,0,16,712.00,24.00
3995,399,5,1a69,DL,18,28,1692,15,0,16,712.00,24.00
4239,423,9,7e22,DL,18,28,1692,15,0,16,712.00,24.00
4333,433,3,1a69,DL,18,28,1692,15,0,16,712.00,24.00
4584,458,4,7e22,DL,18,28,1692,15,0,16,712.00,24.00
4684,468,4,1a69,DL,18,28,1692,15,0,16,712.00,24.00
4972,497,2,7e22,DL,18,28,1692,15,0,16,712.00,24.00
5082,508,2,1a69,DL,18,28,1692,15,0,16,712.00,24.00
5362,536,2,7e22,DL,18,28,1692,15,0,16,712.00,24.00
5476,547,6,1a69,DL,18,28,1692,15,0,16,712.00,24.00
5790,579,0,7e22,DL,17,28,1572,15,0,16,712.00,24.00
5905,590,5,1a69,DL,18,28,1692,15,0,16,712.00,24.00
6221,622,1,7e22,DL,18,28,1692,15,0,16,712.00,24.00
6335,633,5,1a69,DL,18,28,1692,15,0,16,712.00,24.00
6642,664,2,7e22,DL,18,28,1692,15,0,16,712.00,24.00
6763,676,3,1a69,DL,18,28,1692,15,0,16,712.00,24.00
7061,706,1,7e22,DL,18,28,1692,15,0,16,712.00,24.00
7173,717,3,1a69,DL,18,28,1692,15,0,16,712.00,24.00
7478,747,8,7e22,DL,18,28,1692,15,0,16,712.00,24.00
7597,759,7,1a69,DL,18,28,1692,15,0,16,712.00,24.00
7902,790,2,7e22,DL,18,28,1692,15,0,16,712.00,24.00
8018,801,8,1a69,DL,18,28,1692,15,0,16,712.00,24.00
8331,833,1,7e22,DL,18,28,1692,15,0,16,712.00,24.00
8452,845,2,1a69,DL,18,28,1692,15,0,16,712.00,24.00
8754,875,4,7e22,DL,18,28,1692,15,0,16,712.00,24.00
8866,886,6,1a69,DL,18,28,1692,15,0,16,712.00,24.00
9183,918,3,7e22,DL,18,28,1692,15,0,16,712.00,24.00
9300,930,0,1a69,DL,17,28,1572,15,0,16,712.00,24.00
9627,962,7,7e22,DL,18,28,1692,15,0,16,712.00,24.00
9743,974,3,1a69,DL,18,28,1692,15,0,16,712.00,24.00
10034,1003,4,7e22,DL,18,28,1692,15,0,16,712.00,24.00
10144,1014,4,1a69,DL,18,28,1692,15,0,16,712.00,24.00
204,20,4,7e22,DL,18,28,1692,15,0,16,712.00,24.00
311,31,1,1a69,DL,18,28,1692,15,0,16,712.00,24.00
615,61,5,7e22,DL,18,28,1692,15,0,16,712.00,24.00
721,72,1,1a69,DL,18,28,1692,15,0,16,712.00,24.00
1027,102,7,7e22,DL,18,28,1692,15,0,16,712.00,24.00
1145,114,5,1a69,DL,18,28,1692,15,0,16,712.00,24.00
1458,145,8,7e22,DL,18,28,1692,15,0,16,712.00,24.00
1574,157,4,1a69,DL,18,28,1692,15,0,16,712.00,24.00
1880,188,0,7e22,DL,17,28,1572,15,0,16,712.00,24.00
2000,200,0,1a69,DL,17,28,1572,15,0,16,712.00,24.00
2315,231,5,7e22,DL,18,28,1692,15,0,16,712.00,24.00
2433,243,3,1a69,DL,18,28,1692,15,0,16,712.00,24.00
2751,275,1,7e22,DL,18,28,1692,15,0,16,712.00,24.00
2871,287,1,1a69,DL,18,28,1692,15,0,16,712.00,24.00
3184,318,4,7e22,DL,18,28,1692,15,0,16,712.00,24.00
3307,330,7,1a69,DL,18,28,1692,15,0,16,712.00,24.00
3620,362,0,7e22,DL,17,28,1572,15,0,16,712.00,24.00
3735,373,5,1a69,DL,18,28,1692,15,0,16,712.00,24.00
4051,405,1,7e22,DL,18,28,1692,15,0,16,712.00,24.00
4168,416,8,1a69,DL,18,28,1692,15,0,16,712.00,24.00
4485,448,5,7e22,DL,18,28,1692,15,0,16,712.00,24.00
4607,460,7,1a69,DL,18,28,1692,15,0,16,712.00,24.00
4926,492,6,7e22,DL,18,28,1692,15,0,16,712.00,24.00
5045,504,5,1a69,DL,18,28,1692,15,0,16,712.00,24.00
5353,535,3,7e22,DL,18,28,1692,15,0,16,712.00,24.00
5472,547,2,1a69,DL,18,28,1692,15,0,16,712.00,24.00
5787,578,7,7e22,DL,18,28,1692,15,0,16,712.00,24.00
5906,590,6,1a69,DL,18,28,1692,15,0,16,712.00,24.00
6223,622,3,7e22,DL,18,28,1692,15,0,16,712.00,24.00
6337,633,7,1a69,DL,18,28,1692,15,0,16,712.00,24.00
6647,664,7,7e22,DL,18,28,1692,15,0,16,712.00,24.00
6764,676,4,1a69,DL,18,28,1692,15,0,16,712.00,24.00
7065,706,5,7e22,DL,18,28,1692,15,0,16,712.00,24.00
7183,718,3,1a69,DL,18,28,1692,15,0,16,712.00,24.00
7492,749,2,7e22,DL,18,28,1692,15,0,16,712.00,24.00
7603,760,3,1a69,DL,18,28,1692,15,0,16,712.00,24.00
7915,791,5,7e22,DL,18,28,1692,15,0,16,712.00,24.00
8029,802,9,1a69,DL,18,28,1692,15,0,16,712.00,24.00
8332,833,2,7e22,DL,18,28,1692,15,0,16,712.00,24.00
8453,845,3,1a69,DL,18,28,1692,15,0,16,712.00,24.00
8765,876,5,7e22,DL,18,28,1692,15,0,16,712.00,24.00
8881,888,1,1a69,DL,18,28,1692,15,0,16,712.00,24.00
9179,917,9,7e22,DL,18,28,1692,15,0,16,712.00,24.00
9290,929,0,1a69,DL,17,28,1572,15,0,16,712.00,24.00
9606,960,6,7e22,DL,18,28,1692,15,0,16,712.00,24.00
9723,972,3,1a69,DL,18,28,1692,15,0,16,712.00,24.00
10012,1001,2,7e22,DL,18,28,1692,15,0,16,712.00,24.00
10132,1013,2,1a69,DL,18,28,1692,15,0,16,712.00,24.00
195,19,5,7e22,DL,18,28,1692,15,0,16,712.00,24.00
310,31,0,1a69,DL,17,28,1572,15,0,16,712.00,24.00
616,61,6,7e22,DL,18,28,1692,15,0,16,712.00,24.00
730,73,0,1a69,DL,17,28,1572,15,0,16,712.00,24.00
1039,103,9,7e22,DL,18,28,1692,15,0,16,712.00,24.00
1155,115,5,1a69,DL,18,28,1692,15,0,16,712.00,24.00
1459,145,9,7e22,DL,18,28,1692,15,0,16,712.00,24.00
1568,156,8,1a69,DL,18,28,1692,15,0,16,712.00,24.00
1880,188,0,7e22,DL,17,28,1572,15,0,16,712.00,24.00
2000,200,0,1a69,DL,17,28,1572,15,0,16,712.00,24.00
2309,230,9,7e22,DL,18,28,1692,15,0,16,712.00,24.00
2429,242,9,1a69,DL,18,28,1692,15,0,16,712.00,24.00
2722,272,2,7e22,DL,18,28,1692,15,0,1,712.00,1.50
2833,283,3,1a69,DL,18,28,1692,15,0,16,712.00,24.00
3113,311,3,7e22,DL,18,28,1692,15,0,16,712.00,24.00
3215,321,5,1a69,DL,18,28,1692,15,0,16,712.00,24.00
3479,347,9,7e22,DL,18,28,1692,15,0,16,712.00,24.00
3569,356,9,1a69,DL,18,28,1692,15,0,16,712.00,24.00
3853,385,3,7e22,DL,18,28,1692,15,0,16,712.00,24.00
3954,395,4,1a69,DL,18,28,1692,15,0,16,712.00,24.00
4235,423,5,7e22,DL,18,28,1692,15,0,16,712.00,24.00
4343,434,3,1a69,DL,18,28,1692,15,0,16,712.00,24.00
4617,461,7,7e22,DL,18,28,1692,15,0,16,712.00,24.00
4699,469,9,1a69,DL,18,28,1692,15,0,16,712.00,24.00
4967,496,7,7e22,DL,18,28,1692,15,0,16,712.00,24.00
5075,507,5,1a69,DL,18,28,1692,15,0,16,712.00,24.00
5385,538,5,7e22,DL,18,28,1692,15,0,16,712.00,24.00
5494,549,4,1a69,DL,18,28,1692,15,0,16,712.00,24.00
5788,578,8,7e22,DL,18,28,1692,15,0,16,712.00,24.00
5896,589,6,1a69,DL,18,28,1692,15,0,16,712.00,24.00
6213,621,3,7e22,DL,18,28,1692,15,0,16,712.00,24.00
6325,632,5,1a69,DL,18,28,1692,15,0,16,712.00,24.00
6630,663,0,7e22,DL,17,28,1572,15,0,16,712.00,24.00
6743,674,3,1a69,DL,18,28,1692,15,0,16,712.00,24.00
7061,706,1,7e22,DL,18,28,1692,15,0,16,712.00,24.00
7180,718,0,1a69,DL,17,28,1572,15,0,16,712.00,24.00
7503,750,3,7e22,DL,18,28,1692,15,0,16,712.00,24.00
7612,761,2,1a69,DL,18,28,1692,15,0,16,712.00,24.00
7905,790,5,7e22,DL,18,28,1692,15,0,16,712.00,24.00
8012,801,2,1a69,DL,18,28,1692,15,0,16,712.00,24.00
8312,831,2,7e22,DL,18,28,1692,15,0,16,712.00,24.00
8428,842,8,1a69,DL,18,28,1692,15,0,16,712.00,24.00
8743,874,3,7e22,DL,18,28,1692,15,0,16,712.00,24.00
8860,886,0,1a69,DL,17,28,1572,15,0,16,712.00,24.00
9172,917,2,7e22,DL,18,28,1692,15,0,16,712.00,24.00
9287,928,7,1a69,DL,18,28,1692,15,0,16,712.00,24.00
9596,959,6,7e22,DL,18,28,1692,15,0,16,712.00,24.00
9710,971,0,1a69,DL,17,28,1572,15,0,16,712.00,24.00
10018,1001,8,7e22,DL,18,28,1692,15,0,16,712.00,24.00
10133,1013,3,1a69,DL,18,28,1692,15,0,16,712.00,24.00
201,20,1,7e22,DL,18,28,1692,15,0,16,712.00,24.00
314,31,4,1a69,DL,18,28,1692,15,0,16,712.00,24.00
620,62,0,7e22,DL,17,28,1572,15,0,16,712.00,24.00
741,74,1,1a69,DL,18,28,1692,15,0,16,712.00,24.00
1054,105,4,7e22,DL,18,28,1692,15,0,16,712.00,24.00
1165,116,5,1a69,DL,18,28,1692,15,0,16,712.00,24.00
1470,147,0,7e22,DL,17,28,1572,15,0,16,712.00,24.00
1589,158,9,1a69,DL,18,28,1692,15,0,16,712.00,24.00
1922,192,2,7e22,DL,18,28,1692,15,0,16,712.00,24.00
2043,204,3,1a69,DL,18,28,1692,15,0,16,712.00,24.00
2377,237,7,7e22,DL,18,28,1692,15,0,16,712.00,24.00
2506,250,6,1a69,DL,18,28,1692,15,0,16,712.00,24.00
2846,284,6,7e22,DL,18,28,1692,15,0,16,712.00,24.00
2971,297,1,1a69,DL,18,28,1692,15,0,16,712.00,24.00
3296,329,6,7e22,DL,18,28,1692,15,0,16,712.00,24.00
3420,342,0,1a69,DL,17,28,1572,15,0,16,712.00,24.00
3751,375,1,7e22,DL,18,28,1692,15,0,16,712.00,24.00
3879,387,9,1a69,DL,18,28,1692,15,0,16,712.00,24.00
4211,421,1,7e22,DL,18,28,1692,15,0,16,712.00,24.00
4335,433,5,1a69,DL,18,28,1692,15,0,16,712.00,24.00
4670,467,0,7e22,DL,17,28,1572,15,0,16,712.00,24.00
4802,480,2,1a69,DL,18,28,1692,15,0,16,712.00,24.00
5137,513,7,7e22,DL,18,28,1692,15,0,16,712.00,24.00
5261,526,1,1a69,DL,18,28,1692,15,0,16,712.00,24.00
5585,558,5,7e22,DL,18,28,1692,15,0,16,712.00,24.00
5712,571,2,1a69,DL,18,28,1692,15,0,16,712.00,24.00
6041,604,1,7e22,DL,18,28,1692,15,0,16,712.00,24.00
6166,616,6,1a69,DL,18,28,1692,15,0,16,712.00,24.00
6470,647,0,7e22,DL,17,28,1572,15,0,16,712.00,24.00
6596,659,6,1a69,DL,18,28,1692,15,0,16,712.00,24.00
6916,691,6,7e22,DL,18,28,1692,15,0,16,712.00,24.00
7035,703,5,1a69,DL,18,28,1692,15,0,16,712.00,24.00
7363,736,3,7e22,DL,18,28,1692,15,0,16,712.00,24.00
7478,747,8,1a69,DL,18,28,1692,15,0,16,712.00,24.00
7802,780,2,7e22,DL,18,28,1692,15,0,16,712.00,24.00
7924,792,4,1a69,DL,18,28,1692,15,0,16,712.00,24.00
8240,824,0,7e22,DL,17,28,1572,15,0,16,712.00,24.00
8365,836,5,1a69,DL,18,28,1692,15,0,16,712.00,24.00
8693,869,3,7e22,DL,18,28,1692,15,0,16,712.00,24.00
8818,881,8,1a69,DL,18,28,1692,15,0,16,712.00,24.00
9138,913,8,7e22,DL,18,28,1692,15,0,16,712.00,24.00
9254,925,4,1a69,DL,18,28,1692,15,0,16,712.00,24.00
9585,958,5,7e22,DL,18,28,1692,15,0,16,712.00,24.00
9700,970,0,1a69,DL,17,28,1572,15,0,16,712.00,24.00
10017,1001,7,7e22,DL,18,28,1692,15,0,16,712.00,24.00
10132,1013,2,1a69,DL,18,28,1692,15,0,16,712.00,24.00
215,21,5,7e22,DL,18,28,1692,15,0,16,712.00,24.00
335,33,5,1a69,DL,18,28,1692,15,0,16,712.00,24.00
658,65,8,7e22,DL,18,28,1692,15,0,16,712.00,24.00
786,78,6,1a69,DL,18,28,1692,15,0,16,712.00,24.00
1115,111,5,7e22,DL,18,28,1692,15,0,16,712.00,24.00
1238,123,8,1a69,DL,18,28,1692,15,0,16,712.00,24.00
1566,156,6,7e22,DL,18,28,1692,15,0,16,712.00,24.00
1684,168,4,1a69,DL,18,28,1692,15,0,16,712.00,24.00
2009,200,9,7e22,DL,18,28,1692,15,0,16,712.00,24.00
2127,212,7,1a69,DL,18,28,1692,15,0,16,712.00,24.00
2432,243,2,7e22,DL,18,28,1692,15,0,16,712.00,24.00
2547,254,7,1a69,DL,18,28,1692,15,0,16,712.00,24.00
2857,285,7,7e22,DL,18,28,1692,15,0,16,712.00,24.00
2984,298,4,1a69,DL,18,28,1692,15,0,16,712.00,24.00
3306,330,6,7e22,DL,18,28,1692,15,0,16,712.00,24.00
3427,342,7,1a69,DL,18,28,1692,15,0,16,712.00,24.00
3718,371,8,7e22,DL,18,28,1692,15,0,16,712.00,24.00
3832,383,2,1a69,DL,18,28,1692,15,0,16,712.00,24.00
4098,409,8,7e22,DL,18,28,1692,15,0,16,712.00,24.00
4194,419,4,1a69,DL,18,28,1692,15,0,16,712.00,24.00
4450,445,0,7e22,DL,17,28,1572,15,0,16,712.00,24.00
4533,453,3,1a69,DL,18,28,1692,15,0,16,712.00,24.00
4783,478,3,7e22,DL,18,28,1692,15,0,16,712.00,24.00
4873,487,3,1a69,DL,18,28,1692,15,0,16,712.00,24.00
5124,512,4,7e22,DL,18,28,1692,15,0,16,712.00,24.00
5225,522,5,1a69,DL,18,28,1692,15,0,16,712.00,24.00
5508,550,8,7e22,DL,18,28,1692,15,0,16,712.00,24.00
5599,559,9,1a69,DL,18,28,1692,15,0,16,712.00,24.00
5840,584,0,7e22,DL,17,28,1572,15,0,16,712.00,24.00
5938,593,8,1a69,DL,18,28,1692,15,0,16,712.00,24.00
6253,625,3,7e22,DL,18,28,1692,15,0,16,712.00,24.00
6371,637,1,1a69,DL,18,28,1692,15,0,16,712.00,24.00
6697,669,7,7e22,DL,18,28,1692,15,0,16,712.00,24.00
6814,681,4,1a69,DL,18,28,1692,15,0,16,712.00,24.00
7126,712,6,7e22,DL,18,28,1692,15,0,16,712.00,24.00
7244,724,4,1a69,DL,18,28,1692,15,0,16,712.00,24.00
7556,755,6,7e22,DL,18,28,1692,15,0,16,712.00,24.00
7680,768,0,1a69,DL,17,28,1572,15,0,16,712.00,24.00
7997,799,7,7e22,DL,18,28,1692,15,0,16,712.00,24.00
8121,812,1,1a69,DL,18,28,1692,15,0,16,712.00,24.00
8450,845,0,7e22,DL,17,28,1572,15,0,16,712.00,24.00
8570,857,0,1a69,DL,17,28,1572,15,0,16,712.00,24.00
8889,888,9,7e22,DL,18,28,1692,15,0,16,712.00,24.00
9016,901,6,1a69,DL,18,28,1692,15,0,16,712.00,24.00
9347,934,7,7e22,DL,18,28,1692,15,0,16,712.00,24.00
9469,946,9,1a69,DL,18,28,1692,15,0,16,712.00,24.00
9794,979,4,7e22,DL,18,28,1692,15,0,16,712.00,24.00
9919,991,9,1a69,DL,18,28,1692,15,0,16,712.00,24.00
10,1,0,7e22,DL,17,28,1572,15,0,16,712.00,24.00
133,13,3,1a69,DL,18,28,1692,15,0,16,712.00,24.00
441,44,1,7e22,DL,18,28,1692,15,0,16,712.00,24.00
461,46,1,1a69,DL,2,0,4,15,0,1,712.00,1.50
559,55,9,1a69,DL,18,28,1692,15,0,16,712.00,24.00
862,86,2,7e22,DL,18,28,1692,15,0,16,712.00,24.00
978,97,8,1a69,DL,18,28,1692,15,0,16,712.00,24.00
1299,129,9,7e22,DL,18,28,1692,15,0,16,712.00,24.00
1415,141,5,1a69,DL,18,28,1692,15,0,16,712.00,24.00
1749,174,9,7e22,DL,18,28,1692,15,0,16,712.00,24.00
1871,187,1,1a69,DL,18,28,1692,15,0,16,712.00,24.00
2198,219,8,7e22,DL,18,28,1692,15,0,16,712.00,24.00
2315,231,5,1a69,DL,18,28,1692,15,0,16,712.00,24.00
2639,263,9,7e22,DL,18,28,1692,15,0,16,712.00,24.00
2763,276,3,1a69,DL,18,28,1692,15,0,16,712.00,24.00
3088,308,8,7e22,DL,18,28,1692,15,0,16,712.00,24.00
3209,320,9,1a69,DL,18,28,1692,15,0,16,712.00,24.00
3526,352,6,7e22,DL,18,28,1692,15,0,16,712.00,24.00
3648,364,8,1a69,DL,18,28,1692,15,0,16,712.00,24.00
3964,396,4,7e22,DL,18,28,1692,15,0,16,712.00,24.00
4081,408,1,1a69,DL,18,28,1692,15,0,16,712.00,24.00
4401,440,1,7e22,DL,18,28,1692,15,0,16,712.00,24.00
4517,451,7,1a69,DL,18,28,1692,15,0,16,712.00,24.00
4830,483,0,7e22,DL,17,28,1572,15,0,16,712.00,24.00
4950,495,0,1a69,DL,17,28,1572,15,0,16,712.00,24.00
5272,527,2,7e22,DL,18,28,1692,15,0,16,712.00,24.00
5393,539,3,1a69,DL,18,28,1692,15,0,16,712.00,24.00
5717,571,7,7e22,DL,18,28,1692,15,0,16,712.00,24.00
5837,583,7,1a69,DL,18,28,1692,15,0,16,712.00,24.00
6150,615,0,7e22,DL,17,28,1572,15,0,16,712.00,24.00
6271,627,1,1a69,DL,18,28,1692,15,0,16,712.00,24.00
6590,659,0,7e22,DL,17,28,1572,15,0,16,712.00,24.00
6705,670,5,1a69,DL,18,28,1692,15,0,16,712.00,24.00
7000,700,0,7e22,DL,17,28,1572,15,0,16,712.00,24.00
7115,711,5,1a69,DL,18,28,1692,15,0,16,712.00,24.00
7429,742,9,7e22,DL,18,28,1692,15,0,16,712.00,24.00
7543,754,3,1a69,DL,18,28,1692,15,0,16,712.00,24.00
7866,786,6,7e22,DL,18,28,1692,15,0,16,712.00,24.00
7986,798,6,1a69,DL,18,28,1692,15,0,16,712.00,24.00
8297,829,7,7e22,DL,18,28,1692,15,0,16,712.00,24.00
8421,842,1,1a69,DL,18,28,1692,15,0,16,712.00,24.00
8726,872,6,7e22,DL,18,28,1692,15,0,16,712.00,24.00
8847,884,7,1a69,DL,18,28,1692,15,0,16,712.00,24.00
9159,915,9,7e22,DL,18,28,1692,15,0,16,712.00,24.00
9275,927,5,1a69,DL,18,28,1692,15,0,16,712.00,24.00
9581,958,1,7e22,DL,18,28,1692,15,0,16,712.00,24.00
9699,969,9,1a69,DL,18,28,1692,15,0,16,712.00,24.00
10021,1002,1,7e22,DL,18,28,1692,15,0,16,712.00,24.00
10150,1015,0,1a69,DL,17,28,1572,15,0,16,712.00,24.00
245,24,5,7e22,DL,18,28,1692,15,0,16,712.00,24.00
367,36,7,1a69,DL,18,28,1692,15,0,16,712.00,24.00
681,68,1,7e22,DL,18,28,1692,15,0,16,712.00,24.00
801,80,1,1a69,DL,18,28,1692,15,0,16,712.00,24.00
1111,111,1,7e22,DL,18,28,1692,15,0,16,712.00,24.00
1242,124,2,1a69,DL,18,28,1692,15,0,16,712.00,24.00
1565,156,5,7e22,DL,18,28,1692,15,0,16,712.00,24.00
1682,168,2,1a69,DL,18,28,1692,15,0,16,712.00,24.00
1798,179,8,7e22,DL,2,0,4,15,0,1,712.00,1.50
1978,197,8,7e22,DL,18,28,1692,15,0,16,712.00,24.00
2083,208,3,1a69,DL,18,28,1692,15,0,16,712.00,24.00
2392,239,2,7e22,DL,18,28,1692,15,0,16,712.00,24.00
2517,251,7,1a69,DL,18,28,1692,15,0,16,712.00,24.00
2830,283,0,7e22,DL,17,28,1572,15,0,16,712.00,24.00
2954,295,4,1a69,DL,18,28,1692,15,0,16,712.00,24.00
3294,329,4,7e22,DL,18,28,1692,15,0,16,712.00,24.00
3417,341,7,1a69,DL,18,28,1692,15,0,16,712.00,24.00
3749,374,9,7e22,DL,18,28,1692,15,0,16,712.00,24.00
3872,387,2,1a69,DL,18,28,1692,15,0,16,712.00,24.00
4197,419,7,7e22,DL,18,28,1692,15,0,16,712.00,24.00
4310,431,0,1a69,DL,17,28,1572,15,0,16,712.00,24.00
4598,459,8,7e22,DL,18,28,1692,15,0,16,712.00,24.00
4712,471,2,1a69,DL,18,28,1692,15,0,16,712.00,24.00
4991,499,1,7e22,DL,18,28,1692,15,0,16,712.00,24.00
5085,508,5,1a69,DL,18,28,1692,15,0,16,712.00,24.00
5345,534,5,7e22,DL,18,28,1692,15,0,16,712.00,24.00
5437,543,7,1a69,DL,18,28,1692,15,0,16,712.00,24.00
5698,569,8,7e22,DL,18,28,1692,15,0,16,712.00,24.00
5801,580,1,1a69,DL,18,28,1692,15,0,16,712.00,24.00
6069,606,9,7e22,DL,18,28,1692,15,0,16,712.00,24.00
6159,615,9,1a69,DL,18,28,1692,15,0,16,712.00,24.00
6405,640,5,7e22,DL,18,28,1692,15,0,16,712.00,24.00
6510,651,0,1a69,DL,17,28,1572,15,0,16,712.00,24.00
6780,678,0,7e22,DL,17,28,1572,15,0,16,712.00,24.00
6871,687,1,1a69,DL,18,28,1692,15,0,16,712.00,24.00
7168,716,8,7e22,DL,18,28,1692,15,0,16,712.00,24.00
7285,728,5,1a69,DL,18,28,1692,15,0,16,712.00,24.00
7611,761,1,7e22,DL,18,28,1692,15,0,16,712.00,24.00
7726,772,6,1a69,DL,18,28,1692,15,0,16,712.00,24.00
8045,804,5,7e22,DL,18,28,1692,15,0,16,712.00,24.00
8168,816,8,1a69,DL,18,28,1692,15,0,16,712.00,24.00
8502,850,2,7e22,DL,18,28,1692,15,0,16,712.00,24.00
8616,861,6,1a69,DL,18,28,1692,15,0,16,712.00,24.00
8926,892,6,7e22,DL,18,28,1692,15,0,16,712.00,24.00
9035,903,5,1a69,DL,18,28,1692,15,0,16,712.00,24.00
9329,932,9,7e22,DL,18,28,1692,15,0,16,712.00,24.00
9440,944,0,1a69,DL,17,28,1572,15,0,16,712.00,24.00
9743,974,3,7e22,DL,18,28,1692,15,0,16,712.00,24.00
9861,986,1,1a69,DL,18,28,1692,15,0,16,712.00,24.00
10154,1015,4,7e22,DL,18,28,1692,15,0,16,712.00,24.00
28,2,8,1a69,DL,18,28,1692,15,0,16,712.00,24.00
342,34,2,7e22,DL,18,28,1692,15,0,16,712.00,24.00
455,45,5,1a69,DL,18,28,1692,15,0,16,712.00,24.00
756,75,6,7e22,DL,18,28,1692,15,0,16,712.00,24.00
870,87,0,1a69,DL,17,28,1572,15,0,16,712.00,24.00
1191,119,1,7e22,DL,18,28,1692,15,0,16,712.00,24.00
1308,130,8,1a69,DL,18,28,1692,15,0,16,712.00,24.00
1620,162,0,7e22,DL,17,28,1572,15,0,16,712.00,24.00
1745,174,5,1a69,DL,18,28,1692,15,0,16,712.00,24.00
2054,205,4,7e22,DL,18,28,1692,15,0,16,712.00,24.00
2174,217,4,1a69,DL,18,28,1692,15,0,16,712.00,24.00
2505,250,5,7e22,DL,18,28,1692,15,0,16,712.00,24.00
2622,262,2,1a69,DL,18,28,1692,15,0,16,712.00,24.00
2942,294,2,7e22,DL,18,28,1692,15,0,16,712.00,24.00
3055,305,5,1a69,DL,18,28,1692,15,0,16,712.00,24.00
3367,336,7,7e22,DL,18,28,1692,15,0,16,712.00,24.00
3485,348,5,1a69,DL,18,28,1692,15,0,16,712.00,24.00
3811,381,1,7e22,DL,18,28,1692,15,0,16,712.00,24.00
3935,393,5,1a69,DL,18,28,1692,15,0,16,712.00,24.00
4241,424,1,7e22,DL,18,28,1692,15,0,16,712.00,24.00
4354,435,4,1a69,DL,18,28,1692,15,0,16,712.00,24.00
4661,466,1,7e22,DL,18,28,1692,15,0,16,712.00,24.00
4771,477,1,1a69,DL,18,28,1692,15,0,16,712.00,24.00
5074,507,4,7e22,DL,18,28,1692,15,0,16,712.00,24.00
5190,519,0,1a69,DL,17,28,1572,15,0,16,712.00,24.00
5500,550,0,7e22,DL,17,28,1572,15,0,16,712.00,24.00
5610,561,0,1a69,DL,17,28,1572,15,0,16,712.00,24.00
5913,591,3,7e22,DL,18,28,1692,15,0,16,712.00,24.00
6033,603,3,1a69,DL,18,28,1692,15,0,16,712.00,24.00
6354,635,4,7e22,DL,18,28,1692,15,0,16,712.00,24.00
6467,646,7,1a69,DL,18,28,1692,15,0,16,712.00,24.00
6776,677,6,7e22,DL,18,28,1692,15,0,16,712.00,24.00
6894,689,4,1a69,DL,18,28,1692,15,0,16,712.00,24.00
7198,719,8,7e22,DL,18,28,1692,15,0,16,712.00,24.00
7323,732,3,1a69,DL,18,28,1692,15,0,16,712.00,24.00
7644,764,4,7e22,DL,18,28,1692,15,0,16,712.00,24.00
7758,775,8,1a69,DL,18,28,1692,15,0,16,712.00,24.00
8036,803,6,7e22,DL,18,28,1692,15,0,16,712.00,24.00
8147,814,7,1a69,DL,18,28,1692,15,0,16,712.00,24.00
8445,844,5,7e22,DL,18,28,1692,15,0,16,712.00,24.00
8551,855,1,1a69,DL,18,28,1692,15,0,16,712.00,24.00
8855,885,5,7e22,DL,18,28,1692,15,0,16,712.00,24.00
8965,896,5,1a69,DL,18,28,1692,15,0,16,712.00,24.00
9256,925,6,7e22,DL,18,28,1692,15,0,16,712.00,24.00
9362,936,2,1a69,DL,18,28,1692,15,0,16,712.00,24.00
9663,966,3,7e22,DL,18,28,1692,15,0,16,712.00,24.00
9767,976,7,1a69,DL,18,28,1692,15,0,1,712.00,1.50
10063,1006,3,7e22,DL,18,28,1692,15,0,16,712.00,24.00
10175,1017,5,1a69,DL,18,28,1692,15,0,16,712.00,24.00
222,22,2,7e22,DL,18,28,1692,15,0,16,712.00,24.00
335,33,5,1a69,DL,18,28,1692,15,0,16,712.00,24.00
639,63,9,7e22,DL,18,28,1692,15,0,16,712.00,24.00
746,74,6,1a69,DL,18,28,1692,15,0,16,712.00,24.00
1034,103,4,7e22,DL,18,28,1692,15,0,16,712.00,24.00
1146,114,6,1a69,DL,18,28,1692,15,0,16,712.00,24.00
1443,144,3,7e22,DL,18,28,1692,15,0,16,712.00,24.00
1543,154,3,1a69,DL,18,28,1692,15,0,16,712.00,24.00
1828,182,8,7e22,DL,18,28,1692,15,0,16,712.00,24.00
1936,193,6,1a69,DL,18,28,1692,15,0,16,712.00,24.00
2224,222,4,7e22,DL,18,28,1692,15,0,16,712.00,24.00
2331,233,1,1a69,DL,18,28,1692,15,0,16,712.00,24.00
2619,261,9,7e22,DL,18,28,1692,15,0,16,712.00,24.00
2726,272,6,1a69,DL,18,28,1692,15,0,16,712.00,24.00
3030,303,0,7e22,DL,17,28,1572,15,0,16,712.00,24.00
3142,314,2,1a69,DL,18,28,1692,15,0,16,712.00,24.00
3441,344,1,7e22,DL,18,28,1692,15,0,16,712.00,24.00
3548,354,8,1a69,DL,18,28,1692,15,0,16,712.00,24.00
3848,384,8,7e22,DL,18,28,1692,15,0,16,712.00,24.00
3963,396,3,1a69,DL,18,28,1692,15,0,16,712.00,24.00
4266,426,6,7e22,DL,18,28,1692,15,0,16,712.00,24.00
4376,437,6,1a69,DL,18,28,1692,15,0,16,712.00,24.00
4669,466,9,7e22,DL,18,28,1692,15,0,16,712.00,24.00
4775,477,5,1a69,DL,18,28,1692,15,0,16,712.00,24.00
5057,505,7,7e22,DL,18,28,1692,15,0,16,712.00,24.00
5149,514,9,1a69,DL,18,28,1692,15,0,16,712.00,24.00
5400,540,0,7e22,DL,17,28,1572,15,0,16,712.00,24.00
5490,549,0,1a69,DL,17,28,1572,15,0,16,712.00,24.00
5739,573,9,7e22,DL,18,28,1692,15,0,16,712.00,24.00
5835,583,5,1a69,DL,18,28,1692,15,0,16,712.00,24.00
6094,609,4,7e22,DL,18,28,1692,15,0,16,712.00,24.00
6194,619,4,1a69,DL,18,28,1692,15,0,16,712.00,24.00
6417,641,7,7e22,DL,18,28,1692,15,0,16,712.00,24.00
6504,650,4,1a69,DL,18,28,1692,15,0,16,712.00,24.00
6735,673,5,7e22,DL,18,28,1692,15,0,16,712.00,24.00
6827,682,7,1a69,DL,18,28,1692,15,0,16,712.00,24.00
7069,706,9,7e22,DL,18,28,1692,15,0,16,712.00,24.00
7148,714,8,1a69,DL,18,28,1692,15,0,16,712.00,24.00
7426,742,6,7e22,DL,18,28,1692,15,0,16,712.00,24.00
7550,755,0,1a69,DL,17,28,1572,15,0,16,712.00,24.00
7885,788,5,7e22,DL,18,28,1692,15,0,16,712.00,24.00
8005,800,5,1a69,DL,18,28,1692,15,0,16,712.00,24.00
8329,832,9,7e22,DL,18,28,1692,15,0,16,712.00,24.00
8447,844,7,1a69,DL,18,28,1692,15,0,16,712.00,24.00
8755,875,5,7e22,DL,18,28,1692,15,0,16,712.00,24.00
8873,887,3,1a69,DL,18,28,1692,15,0,16,712.00,24.00
9197,919,7,7e22,DL,18,28,1692,15,0,16,712.00,24.00
9326,932,6,1a69,DL,18,28,1692,15,0,16,712.00,24.00
9658,965,8,7e22,DL,18,28,1692,15,0,16,712.00,24.00
9786,978,6,1a69,DL,18,28,1692,15,0,16,712.00,24.00
10110,1011,0,7e22,DL,17,28,1572,15,0,16,712.00,24.00
10238,1023,8,1a69,DL,18,28,1692,15,0,16,712.00,24.00
311,31,1,7e22,DL,18,28,1692,15,0,16,712.00,24.00
439,43,9,1a69,DL,18,28,1692,15,0,16,712.00,24.00
759,75,9,7e22,DL,18,28,1692,15,0,16,712.00,24.00
880,88,0,1a69,DL,17,28,1572,15,0,16,712.00,24.00
1209,120,9,7e22,DL,18,28,1692,15,0,16,712.00,24.00
1335,133,5,1a69,DL,18,28,1692,15,0,16,712.00,24.00
1660,166,0,7e22,DL,17,28,1572,15,0,16,712.00,24.00
1785,178,5,1a69,DL,18,28,1692,15,0,16,712.00,24.00
2113,211,3,7e22,DL,18,28,1692,15,0,16,712.00,24.00
2236,223,6,1a69,DL,18,28,1692,15,0,16,712.00,24.00
2563,256,3,7e22,DL,18,28,1692,15,0,16,712.00,24.00
2688,268,8,1a69,DL,18,28,1692,15,0,16,712.00,24.00
3014,301,4,7e22,DL,18,28,1692,15,0,16,712.00,24.00
3138,313,8,1a69,DL,18,28,1692,15,0,16,712.00,24.00
3462,346,2,7e22,DL,18,28,1692,15,0,16,712.00,24.00
3588,358,8,1a69,DL,18,28,1692,15,0,16,712.00,24.00
3914,391,4,7e22,DL,18,28,1692,15,0,16,712.00,24.00
4039,403,9,1a69,DL,18,28,1692,15,0,16,712.00,24.00
4357,435,7,7e22,DL,18,28,1692,15,0,16,712.00,24.00
4478,447,8,1a69,DL,18,28,1692,15,0,16,712.00,24.00
4793,479,3,7e22,DL,18,28,1692,15,0,16,712.00,24.00
4915,491,5,1a69,DL,18,28,1692,15,0,16,712.00,24.00
5240,524,0,7e22,DL,17,28,1572,15,0,16,712.00,24.00
5369,536,9,1a69,DL,18,28,1692,15,0,16,712.00,24.00
5700,570,0,7e22,DL,17,28,1572,15,0,16,712.00,24.00
5818,581,8,1a69,DL,18,28,1692,15,0,16,712.00,24.00
6143,614,3,7e22,DL,18,28,1692,15,0,16,712.00,24.00
6271,627,1,1a69,DL,18,28,1692,15,0,16,712.00,24.00
6595,659,5,7e22,DL,18,28,1692,15,0,16,712.00,24.00
6718,671,8,1a69,DL,18,28,1692,15,0,16,712.00,24.00
7041,704,1,7e22,DL,18,28,1692,15,0,16,712.00,24.00
7166,716,6,1a69,DL,18,28,1692,15,0,16,712.00,24.00
7480,748,0,7e22,DL,17,28,1572,15,0,16,712.00,24.00
7593,759,3,1a69,DL,18,28,1692,15,0,16,712.00,24.00
7921,792,1,7e22,DL,18,28,1692,15,0,16,712.00,24.00
8041,804,1,1a69,DL,18,28,1692,15,0,16,712.00,24.00
8375,837,5,7e22,DL,18,28,1692,15,0,16,712.00,24.00
8499,849,9,1a69,DL,18,28,1692,15,0,16,712.00,24.00
8830,883,0,7e22,DL,17,28,1572,15,0,16,712.00,24.00
8950,895,0,1a69,DL,17,28,1572,15,0,16,712.00,24.00
9276,927,6,7e22,DL,18,28,1692,15,0,16,712.00,24.00
9404,940,4,1a69,DL,18,28,1692,15,0,16,712.00,24.00
9718,971,8,7e22,DL,18,28,1692,15,0,16,712.00,24.00
9840,984,0,1a69,DL,17,28,1572,15,0,16,712.00,24.00
10161,1016,1,7e22,DL,18,28,1692,15,0,16,712.00,24.00
45,4,5,1a69,DL,18,28,1692,15,0,16,712.00,24.00
389,38,9,7e22,DL,18,28,1692,15,0,16,712.00,24.00
520,52,0,1a69,DL,17,28,1572,15,0,16,712.00,24.00
859,85,9,7e22,DL,18,28,1692,15,0,16,712.00,24.00
987,98,7,1a69,DL,18,28,1692,15,0,16,712.00,24.00
1314,131,4,7e22,DL,18,28,1692,15,0,16,712.00,24.00
1444,144,4,1a69,DL,18,28,1692,15,0,16,712.00,24.00
1764,176,4,7e22,DL,18,28,1692,15,0,16,712.00,24.00
1894,189,4,1a69,DL,18,28,1692,15,0,16,712.00,24.00
2230,223,0,7e22,DL,17,28,1572,15,0,16,712.00,24.00
2360,236,0,1a69,DL,17,28,1572,15,0,16,712.00,24.00
2679,267,9,7e22,DL,18,28,1692,15,0,16,712.00,24.00
2803,280,3,1a69,DL,18,28,1692,15,0,16,712.00,24.00
2873,287,3,1a69,DL,2,0,4,15,0,1,712.00,1.50
2874,287,4,1a69,DL,2,14,61,15,0,1,712.00,1.50
2901,290,1,1a69,DL,2,0,4,15,0,1,712.00,1.50
2902,290,2,1a69,DL,2,23,125,15,0,1,712.00,1.50
2987,298,7,1a69,DL,2,0,4,15,0,1,712.00,1.50
2988,298,8,1a69,DL,4,28,373,15,0,3,712.00,4.50
3021,302,1,1a69,DL,2,0,4,15,0,1,712.00,1.50
3022,302,2,1a69,DL,2,22,113,15,0,1,712.00,1.50
3047,304,7,1a69,DL,2,0,4,15,0,1,712.00,1.50
3117,311,7,7e22,DL,18,28,1692,15,0,16,712.00,24.00
3192,319,2,7e22,DL,2,0,4,15,0,1,712.00,1.50
3193,319,3,7e22,DL,2,14,61,15,0,1,712.00,1.50
3220,322,0,7e22,DL,2,0,4,15,0,1,712.00,1.50
3221,322,1,7e22,DL,2,23,125,15,0,1,712.00,1.50
3306,330,6,7e22,DL,2,0,4,15,0,1,712.00,1.50
3307,330,7,7e22,DL,4,28,373,15,0,3,712.00,4.50
3340,334,0,7e22,DL,2,0,4,15,0,1,712.00,1.50
3341,334,1,7e22,DL,2,14,61,15,0,1,712.00,1.50
3366,336,6,7e22,DL,2,0,4,15,0,1,712.00,1.50
201,20,1,1a69,DL,2,0,4,15,0,1,712.00,1.50
4053,405,3,7e22,DL,2,0,4,15,0,1,712.00,1.50
5300,530,0,1a69,DL,2,0,4,15,0,1,712.00,1.50
7203,720,3,7e22,DL,2,0,4,15,0,1,712.00,1.50
10200,1020,0,7e22,DL,2,0,4,15,0,1,712.00,1.50
2856,285,6,1a69,DL,2,0,4,15,0,1,712.00,1.50
9408,940,8,1a69,DL,2,3,13,15,0,1,712.00,1.50
9474,947,4,7e22,DL,2,3,13,15,0,1,712.00,1.50
9489,948,9,1a69,DL,2,3,13,15,0,1,712.00,1.50
9555,955,5,7e22,DL,2,3,13,15,0,1,712.00,1.50
9570,957,0,1a69,DL,2,3,13,15,0,1,712.00,1.50
9636,963,6,7e22,DL,2,3,13,15,0,1,712.00,1.50
9651,965,1,1a69,DL,2,3,13,15,0,1,712.00,1.50
9717,971,7,7e22,DL,2,3,13,15,0,1,712.00,1.50
9732,973,2,1a69,DL,2,3,13,15,0,1,712.00,1.50
9798,979,8,7e22,DL,2,3,13,15,0,1,712.00,1.50
9813,981,3,1a69,DL,2,3,13,15,0,1,712.00,1.50
9879,987,9,7e22,DL,2,3,13,15,0,1,712.00,1.50
7160,716,0,d216,DL,4,0,11,0,0,1,574.76,0.86
7162,716,2,5da3,DL,4,0,11,0,0,1,623.69,0.79
7182,718,2,3071,DL,4,0,11,0,0,1,75.43,6.52
7184,718,4,5da3,DL,14,0,47,0,0,1,565.04,0.87
7185,718,5,5da3,DL,2,0,4,0,0,1,562.67,0.87
7186,718,6,5da3,DL,2,0,4,0,0,1,560.32,0.88
7187,718,7,5da3,DL,2,0,4,0,0,1,558.00,0.88
7188,718,8,5da3,DL,2,0,4,0,0,1,555.70,0.89
7189,718,9,5da3,DL,2,1,7,15,0,1,553.42,1.93
7213,721,3,5da3,DL,2,0,4,15,0,1,587.41,1.82
7215,721,5,d216,DL,2,12,47,15,0,1,564.16,1.89
7232,723,2,d216,DL,2,0,4,15,0,1,587.38,1.82
7234,723,4,5da3,DL,2,7,28,15,0,1,611.11,1.75
7253,725,3,5da3,DL,2,0,4,15,0,1,628.65,1.70
7255,725,5,d216,DL,2,7,28,15,0,1,613.10,1.74
7282,728,2,d216,DL,2,0,4,15,0,1,636.61,1.68
7284,728,4,3071,DL,2,12,47,15,0,1,440.68,2.42
7284,728,4,5da3,DL,2,3,13,15,0,1,650.96,1.64
7303,730,3,5da3,DL,2,0,4,15,0,1,661.57,1.61
7304,730,4,3071,DL,2,0,4,15,0,1,490.09,2.18
7304,730,4,5da3,DL,2,5,18,15,0,1,662.08,1.61
7306,730,6,d216,DL,2,3,13,15,0,1,652.76,1.64
7322,732,2,d216,DL,2,0,4,15,0,1,661.56,1.61
7323,732,3,d216,DL,2,5,18,15,0,1,662.07,1.61
7323,732,3,5da3,DL,2,0,4,15,0,1,670.76,1.59
7324,732,4,5da3,DL,2,27,157,15,0,1,671.17,1.59
7325,732,5,3071,DL,2,7,28,15,0,1,532.31,2.01
7342,734,2,d216,DL,2,0,4,15,0,1,670.75,1.59
7343,734,3,d216,DL,2,27,157,15,0,1,671.16,1.59
7343,734,3,5da3,DL,2,0,4,15,0,1,678.27,1.57
7344,734,4,3071,DL,2,0,4,15,0,1,563.55,1.90
7351,735,1,5da3,DL,2,0,4,15,0,1,680.87,1.57
7362,736,2,d216,DL,2,0,4,15,0,1,678.26,1.57
7363,736,3,3071,DL,2,3,13,15,0,1,589.35,1.81
7373,737,3,5da3,DL,2,0,4,15,0,1,687.05,1.55
7378,737,8,d216,DL,2,1,7,15,0,1,683.27,1.56
7380,738,0,5da3,DL,2,11,41,15,0,1,688.74,1.55
7386,738,6,5da3,DL,2,1,7,15,0,1,690.10,1.55
7394,739,4,3071,DL,2,0,4,15,0,1,622.19,1.72
7395,739,5,3071,DL,2,5,18,15,0,1,623.08,1.71
7396,739,6,5da3,DL,2,11,41,15,0,1,692.20,1.54
7412,741,2,5da3,DL,2,0,4,15,0,1,695.14,1.54
7413,741,3,d216,DL,2,1,7,15,0,1,691.79,1.54
7414,741,4,3071,DL,2,0,4,15,0,1,638.54,1.67
7415,741,5,3071,DL,2,27,157,15,0,1,639.27,1.67
7416,741,6,d216,DL,2,11,41,15,0,1,692.39,1.54
7434,743,4,3071,DL,2,0,4,15,0,1,651.92,1.64
7439,743,9,d216,DL,2,0,4,15,0,1,696.44,1.53
7450,745,0,3071,DL,2,1,7,15,0,1,660.84,1.62
7457,745,7,3071,DL,2,11,41,15,0,1,664.32,1.61
7473,747,3,3071,DL,2,11,41,15,0,1,671.40,1.59
7485,748,5,3071,DL,2,1,7,15,0,1,676.01,1.58
7511,751,1,3071,DL,2,0,4,15,0,1,684.29,1.56
4246,424,6,5da3,DL,2,0,4,15,0,1,712.00,1.50
4462,446,2,d216,DL,2,0,4,15,0,1,712.00,1.50
4464,446,4,3071,DL,2,0,4,15,0,1,712.00,1.50
7103,710,3,5da3,DL,2,0,4,15,0,1,712.00,1.50
8074,807,4,3071,DL,2,0,4,15,0,1,712.00,1.50
9062,906,2,d216,DL,2,0,4,15,0,1,712.00,1.50
2170,217,0,5da3,DL,2,0,4,15,0,1,712.00,1.50
4534,453,4,3071,DL,2,0,4,15,0,1,712.00,1.50
7538,753,8,d216,DL,2,0,4,15,0,1,712.00,1.50
4043,404,3,5da3,DL,2,0,4,15,0,1,712.00,1.50
8834,883,4,3071,DL,2,0,4,15,0,1,712.00,1.50
8836,883,6,d216,DL,2,0,4,15,0,1,712.00,1.50
9022,902,2,3071,DL,2,0,4,15,0,1,712.00,1.50
9023,902,3,3071,DL,2,15,69,15,0,1,712.00,1.50
9052,905,2,3071,DL,2,0,4,15,0,1,712.00,1.50
9053,905,3,3071,DL,2,23,125,15,0,1,712.00,1.50
9082,908,2,3071,DL,2,0,4,15,0,1,712.00,1.50
9083,908,3,3071,DL,2,23,125,15,0,1,712.00,1.50
9105,910,5,3071,DL,2,10,37,15,0,1,712.00,1.50
9107,910,7,3071,DL,18,28,1692,15,0,16,712.00,24.00
9108,910,8,3071,DL,2,0,4,15,0,1,712.00,1.50
9158,915,8,3071,DL,2,0,4,15,0,1,712.00,1.50
9159,915,9,3071,DL,2,14,61,15,0,1,712.00,1.50
9192,919,2,3071,DL,2,0,4,15,0,1,712.00,1.50
9338,933,8,3071,DL,18,28,1692,15,0,16,712.00,24.00
9362,936,2,d216,DL,2,0,4,15,0,1,712.00,1.50
9363,936,3,d216,DL,2,15,69,15,0,1,712.00,1.50
9390,939,0,d216,DL,2,0,4,15,0,1,712.00,1.50
9391,939,1,d216,DL,2,23,125,15,0,1,712.00,1.50
9420,942,0,d216,DL,2,0,4,15,0,1,712.00,1.50
9421,942,1,d216,DL,2,23,125,15,0,1,712.00,1.50
9443,944,3,d216,DL,2,10,37,15,0,1,712.00,1.50
9444,944,4,d216,DL,18,28,1692,15,0,16,712.00,24.00
9446,944,6,d216,DL,2,0,4,15,0,1,712.00,1.50
9492,949,2,d216,DL,2,0,4,15,0,1,712.00,1.50
9493,949,3,d216,DL,2,14,61,15,0,1,712.00,1.50
9518,951,8,d216,DL,2,0,4,15,0,1,712.00,1.50
9658,965,8,3071,DL,18,28,1692,15,0,1,712.00,1.50
9742,974,2,d216,DL,18,28,1692,15,0,16,712.00,24.00
9983,998,3,3071,DL,18,28,1692,15,0,16,712.00,24.00
10094,1009,4,d216,DL,18,28,1692,15,0,16,712.00,24.00
69,6,9,3071,DL,18,28,1692,15,0,16,712.00,24.00
174,17,4,d216,DL,18,28,1692,15,0,16,712.00,24.00
415,41,5,3071,DL,18,28,1692,15,0,16,712.00,24.00
523,52,3,d216,DL,18,28,1692,15,0,16,712.00,24.00
758,75,8,3071,DL,18,28,1692,15,0,16,712.00,24.00
866,86,6,d216,DL,18,28,1692,15,0,16,712.00,24.00
1104,110,4,3071,DL,18,28,1692,15,0,16,712.00,24.00
1211,121,1,d216,DL,18,28,1692,15,0,16,712.00,24.00
1462,146,2,3071,DL,18,28,1692,15,0,16,712.00,24.00
1560,156,0,d216,DL,17,28,1572,15,0,16,712.00,24.00
1806,180,6,3071,DL,18,28,1692,15,0,16,712.00,24.00
1916,191,6,d216,DL,18,28,1692,15,0,1,712.00,1.50
2141,214,1,3071,DL,18,28,1692,15,0,16,712.00,24.00
2250,225,0,d216,DL,17,28,1572,15,0,16,712.00,24.00
2476,247,6,3071,DL,18,28,1692,15,0,16,712.00,24.00
2583,258,3,d216,DL,18,28,1692,15,0,16,712.00,24.00
2808,280,8,3071,DL,18,28,1692,15,0,16,712.00,24.00
2918,291,8,d216,DL,18,28,1692,15,0,16,712.00,24.00
3143,314,3,3071,DL,18,28,1692,15,0,16,712.00,24.00
3233,323,3,d216,DL,18,28,1692,15,0,16,712.00,24.00
3449,344,9,3071,DL,18,28,1692,15,0,16,712.00,24.00
3548,354,8,d216,DL,18,28,1692,15,0,16,712.00,24.00
3792,379,2,3071,DL,18,28,1692,15,0,16,712.00,24.00
3904,390,4,d216,DL,18,28,1692,15,0,16,712.00,24.00
4148,414,8,3071,DL,18,28,1692,15,0,16,712.00,24.00
4260,426,0,d216,DL,17,28,1572,15,0,16,712.00,24.00
4496,449,6,3071,DL,18,28,1692,15,0,16,712.00,24.00
4601,460,1,d216,DL,18,28,1692,15,0,16,712.00,24.00
4778,477,8,3071,DL,18,28,1692,15,0,16,712.00,24.00
4874,487,4,d216,DL,18,28,1692,15,0,16,712.00,24.00
5090,509,0,3071,DL,17,28,1572,15,0,16,712.00,24.00
5200,520,0,d216,DL,17,28,1572,15,0,16,712.00,24.00
5390,539,0,3071,DL,17,28,1572,15,0,16,712.00,24.00
5464,546,4,d216,DL,18,28,1692,15,0,16,712.00,24.00
5665,566,5,3071,DL,18,28,1692,15,0,16,712.00,24.00
5764,576,4,d216,DL,18,28,1692,15,0,16,712.00,24.00
5986,598,6,3071,DL,18,28,1692,15,0,16,712.00,24.00
6071,607,1,d216,DL,18,28,1692,15,0,16,712.00,24.00
6293,629,3,3071,DL,18,28,1692,15,0,16,712.00,24.00
6393,639,3,d216,DL,18,28,1692,15,0,16,712.00,24.00
6614,661,4,3071,DL,18,28,1692,15,0,16,712.00,24.00
6712,671,2,d216,DL,18,28,1692,15,0,16,712.00,24.00
6947,694,7,3071,DL,18,28,1692,15,0,16,712.00,24.00
7060,706,0,d216,DL,17,28,1572,15,0,16,712.00,24.00
7314,731,4,3071,DL,18,28,1692,15,0,16,712.00,24.00
7434,743,4,d216,DL,18,28,1692,15,0,16,712.00,24.00
7667,766,7,3071,DL,18,28,1692,15,0,16,712.00,24.00
7782,778,2,d216,DL,18,28,1692,15,0,16,712.00,24.00
8024,802,4,3071,DL,18,28,1692,15,0,16,712.00,24.00
8139,813,9,d216,DL,18,28,1692,15,0,16,712.00,24.00
8396,839,6,3071,DL,18,28,1692,15,0,16,712.00,24.00
8515,851,5,d216,DL,18,28,1692,15,0,16,712.00,24.00
8772,877,2,3071,DL,18,28,1692,15,0,16,712.00,24.00
8890,889,0,d216,DL,17,28,1572,15,0,16,712.00,24.00
9174,917,4,3071,DL,18,28,1692,15,0,16,712.00,24.00
9317,931,7,d216,DL,18,28,1692,15,0,16,712.00,24.00
9603,960,3,3071,DL,18,28,1692,15,0,16,712.00,24.00
9740,974,0,d216,DL,17,28,1572,15,0,16,712.00,24.00
10019,1001,9,3071,DL,18,28,1692,15,0,16,712.00,24.00
10158,1015,8,d216,DL,18,28,1692,15,0,1,712.00,1.50
208,20,8,3071,DL,18,28,1692,15,0,16,712.00,24.00
341,34,1,d216,DL,18,28,1692,15,0,1,712.00,1.50
595,59,5,3071,DL,18,28,1692,15,0,16,712.00,24.00
731,73,1,d216,DL,18,28,1692,15,0,16,712.00,24.00
1018,101,8,3071,DL,18,28,1692,15,0,16,712.00,24.00
1148,114,8,d216,DL,18,28,1692,15,0,16,712.00,24.00
1437,143,7,3071,DL,18,28,1692,15,0,16,712.00,24.00
1566,156,6,d216,DL,18,28,1692,15,0,16,712.00,24.00
1853,185,3,3071,DL,18,28,1692,15,0,16,712.00,24.00
1988,198,8,d216,DL,18,28,1692,15,0,16,712.00,24.00
2259,225,9,3071,DL,18,28,1692,15,0,16,712.00,24.00
2388,238,8,d216,DL,18,28,1692,15,0,16,712.00,24.00
2679,267,9,3071,DL,18,28,1692,15,0,16,712.00,24.00
2810,281,0,d216,DL,17,28,1572,15,0,16,712.00,24.00
3092,309,2,3071,DL,18,28,1692,15,0,16,712.00,24.00
3234,323,4,d216,DL,18,28,1692,15,0,16,712.00,24.00
3511,351,1,3071,DL,18,28,1692,15,0,16,712.00,24.00
3646,364,6,d216,DL,18,28,1692,15,0,16,712.00,24.00
3929,392,9,3071,DL,18,28,1692,15,0,16,712.00,24.00
4062,406,2,d216,DL,18,28,1692,15,0,16,712.00,24.00
4340,434,0,3071,DL,17,28,1572,15,0,16,712.00,24.00
4474,447,4,d216,DL,18,28,1692,15,0,16,712.00,24.00
4766,476,6,3071,DL,18,28,1692,15,0,16,712.00,24.00
4906,490,6,d216,DL,18,28,1692,15,0,16,712.00,24.00
5202,520,2,3071,DL,18,28,1692,15,0,16,712.00,24.00
5342,534,2,d216,DL,18,28,1692,15,0,16,712.00,24.00
5625,562,5,3071,DL,18,28,1692,15,0,16,712.00,24.00
5761,576,1,d216,DL,18,28,1692,15,0,16,712.00,24.00
6045,604,5,3071,DL,18,28,1692,15,0,16,712.00,24.00
6181,618,1,d216,DL,18,28,1692,15,0,16,712.00,24.00
6460,646,0,3071,DL,17,28,1572,15,0,16,712.00,24.00
6591,659,1,d216,DL,18,28,1692,15,0,16,712.00,24.00
6878,687,8,3071,DL,18,28,1692,15,0,16,712.00,24.00
7013,701,3,d216,DL,18,28,1692,15,0,16,712.00,24.00
7303,730,3,3071,DL,18,28,1692,15,0,16,712.00,24.00
7440,744,0,d216,DL,17,28,1572,15,0,16,712.00,24.00
7725,772,5,3071,DL,18,28,1692,15,0,16,712.00,24.00
7853,785,3,d216,DL,18,28,1692,15,0,16,712.00,24.00
8128,812,8,3071,DL,18,28,1692,15,0,16,712.00,24.00
8255,825,5,d216,DL,18,28,1692,15,0,16,712.00,24.00
8531,853,1,3071,DL,18,28,1692,15,0,16,712.00,24.00
8662,866,2,d216,DL,18,28,1692,15,0,16,712.00,24.00
8931,893,1,3071,DL,18,28,1692,15,0,16,712.00,24.00
9060,906,0,d216,DL,17,28,1572,15,0,16,712.00,24.00
9323,932,3,3071,DL,18,28,1692,15,0,16,712.00,24.00
9447,944,7,d216,DL,18,28,1692,15,0,16,712.00,24.00
9722,972,2,3071,DL,18,28,1692,15,0,16,712.00,24.00
9859,985,9,d216,DL,18,28,1692,15,0,16,712.00,24.00
10138,1013,8,3071,DL,18,28,1692,15,0,16,712.00,24.00
27,2,7,d216,DL,18,28,1692,15,0,16,712.00,24.00
300,30,0,3071,DL,17,28,1572,15,0,16,712.00,24.00
433,43,3,d216,DL,18,28,1692,15,0,16,712.00,24.00
718,71,8,3071,DL,18,28,1692,15,0,16,712.00,24.00
849,84,9,d216,DL,18,28,1692,15,0,16,712.00,24.00
1124,112,4,3071,DL,18,28,1692,15,0,16,712.00,24.00
1254,125,4,d216,DL,18,28,1692,15,0,16,712.00,24.00
1522,152,2,3071,DL,18,28,1692,15,0,16,712.00,24.00
1649,164,9,d216,DL,18,28,1692,15,0,16,712.00,24.00
1919,191,9,3071,DL,18,28,1692,15,0,16,712.00,24.00
2037,203,7,d216,DL,18,28,1692,15,0,16,712.00,24.00
2301,230,1,3071,DL,18,28,1692,15,0,16,712.00,24.00
2422,242,2,d216,DL,18,28,1692,15,0,16,712.00,24.00
2689,268,9,3071,DL,18,28,1692,15,0,16,712.00,24.00
2811,281,1,d216,DL,18,28,1692,15,0,16,712.00,24.00
3075,307,5,3071,DL,18,28,1692,15,0,16,712.00,24.00
3199,319,9,d216,DL,18,28,1692,15,0,16,712.00,24.00
3461,346,1,3071,DL,18,28,1692,15,0,16,712.00,24.00
3575,357,5,d216,DL,18,28,1692,15,0,16,712.00,24.00
3828,382,8,3071,DL,18,28,1692,15,0,16,712.00,24.00
3928,392,8,d216,DL,18,28,1692,15,0,16,712.00,24.00
4146,414,6,3071,DL,18,28,1692,15,0,1,712.00,1.50
4266,426,6,d216,DL,18,28,1692,15,0,16,712.00,24.00
4478,447,8,3071,DL,18,28,1692,15,0,16,712.00,24.00
4593,459,3,d216,DL,18,28,1692,15,0,16,712.00,24.00
4809,480,9,3071,DL,18,28,1692,15,0,16,712.00,24.00
4899,489,9,d216,DL,18,28,1692,15,0,16,712.00,24.00
5101,510,1,3071,DL,18,28,1692,15,0,16,712.00,24.00
5215,521,5,d216,DL,18,28,1692,15,0,16,712.00,24.00
5457,545,7,3071,DL,18,28,1692,15,0,16,712.00,24.00
5558,555,8,d216,DL,18,28,1692,15,0,16,712.00,24.00
5804,580,4,3071,DL,18,28,1692,15,0,16,712.00,24.00
5918,591,8,d216,DL,18,28,1692,15,0,16,712.00,24.00
6132,613,2,3071,DL,18,28,1692,15,0,16,712.00,24.00
6242,624,2,d216,DL,18,28,1692,15,0,16,712.00,24.00
6461,646,1,3071,DL,18,28,1692,15,0,16,712.00,24.00
6583,658,3,d216,DL,18,28,1692,15,0,16,712.00,24.00
6854,685,4,3071,DL,18,28,1692,15,0,16,712.00,24.00
6983,698,3,d216,DL,18,28,1692,15,0,16,712.00,24.00
7249,724,9,3071,DL,18,28,1692,15,0,16,712.00,24.00
7366,736,6,d216,DL,18,28,1692,15,0,16,712.00,24.00
7642,764,2,3071,DL,18,28,1692,15,0,16,712.00,24.00
7773,777,3,d216,DL,18,28,1692,15,0,16,712.00,24.00
8034,803,4,3071,DL,18,28,1692,15,0,16,712.00,24.00
8155,815,5,d216,DL,18,28,1692,15,0,16,712.00,24.00
8406,840,6,3071,DL,18,28,1692,15,0,16,712.00,24.00
8518,851,8,d216,DL,18,28,1692,15,0,16,712.00,24.00
8768,876,8,3071,DL,18,28,1692,15,0,16,712.00,24.00
8886,888,6,d216,DL,18,28,1692,15,0,16,712.00,24.00
9130,913,0,3071,DL,17,28,1572,15,0,16,712.00,24.00
9246,924,6,d216,DL,18,28,1692,15,0,16,712.00,24.00
9491,949,1,3071,DL,18,28,1692,15,0,16,712.00,24.00
9602,960,2,d216,DL,18,28,1692,15,0,16,712.00,24.00
9846,984,6,3071,DL,18,28,1692,15,0,16,712.00,24.00
9963,996,3,d216,DL,18,28,1692,15,0,16,712.00,24.00
10212,1021,2,3071,DL,18,28,1692,15,0,16,712.00,24.00
94,9,4,d216,DL,18,28,1692,15,0,16,712.00,24.00
360,36,0,3071,DL,17,28,1572,15,0,16,712.00,24.00
476,47,6,d216,DL,18,28,1692,15,0,16,712.00,24.00
734,73,4,3071,DL,18,28,1692,15,0,16,712.00,24.00
858,85,8,d216,DL,18,28,1692,15,0,16,712.00,24.00
1127,112,7,3071,DL,18,28,1692,15,0,16,712.00,24.00
1246,124,6,d216,DL,18,28,1692,15,0,1,712.00,1.50
1511,151,1,3071,DL,18,28,1692,15,0,16,712.00,24.00
1636,163,6,d216,DL,18,28,1692,15,0,16,712.00,24.00
1899,189,9,3071,DL,18,28,1692,15,0,16,712.00,24.00
2024,202,4,d216,DL,18,28,1692,15,0,16,712.00,24.00
2285,228,5,3071,DL,18,28,1692,15,0,16,712.00,24.00
2409,240,9,d216,DL,18,28,1692,15,0,16,712.00,24.00
2698,269,8,3071,DL,18,28,1692,15,0,16,712.00,24.00
2828,282,8,d216,DL,18,28,1692,15,0,16,712.00,24.00
3099,309,9,3071,DL,18,28,1692,15,0,16,712.00,24.00
3237,323,7,d216,DL,18,28,1692,15,0,16,712.00,24.00
3507,350,7,3071,DL,18,28,1692,15,0,16,712.00,24.00
3634,363,4,d216,DL,18,28,1692,15,0,16,712.00,24.00
3905,390,5,3071,DL,18,28,1692,15,0,16,712.00,24.00
4029,402,9,d216,DL,18,28,1692,15,0,16,712.00,24.00
4292,429,2,3071,DL,18,28,1692,15,0,16,712.00,24.00
4420,442,0,d216,DL,17,28,1572,15,0,16,712.00,24.00
4682,468,2,3071,DL,18,28,1692,15,0,16,712.00,24.00
4812,481,2,d216,DL,18,28,1692,15,0,16,712.00,24.00
5080,508,0,3071,DL,17,28,1572,15,0,16,712.00,24.00
5199,519,9,d216,DL,18,28,1692,15,0,16,712.00,24.00
5468,546,8,3071,DL,18,28,1692,15,0,16,712.00,24.00
5596,559,6,d216,DL,18,28,1692,15,0,16,712.00,24.00
5858,585,8,3071,DL,18,28,1692,15,0,16,712.00,24.00
5982,598,2,d216,DL,18,28,1692,15,0,16,712.00,24.00
6250,625,0,3071,DL,17,28,1572,15,0,16,712.00,24.00
6368,636,8,d216,DL,18,28,1692,15,0,16,712.00,24.00
6644,664,4,3071,DL,18,28,1692,15,0,16,712.00,24.00
6669,666,9,d216,DL,18,28,1692,15,0,16,712.00,24.00
6765,676,5,3071,DL,18,28,1692,15,0,16,712.00,24.00
6901,690,1,d216,DL,18,28,1692,15,0,16,712.00,24.00
7164,716,4,3071,DL,18,28,1692,15,0,16,712.00,24.00
7290,729,0,d216,DL,17,28,1572,15,0,16,712.00,24.00
7557,755,7,3071,DL,18,28,1692,15,0,16,712.00,24.00
7687,768,7,d216,DL,18,28,1692,15,0,16,712.00,24.00
7938,793,8,3071,DL,18,28,1692,15,0,16,712.00,24.00
8066,806,6,d216,DL,18,28,1692,15,0,16,712.00,24.00
8323,832,3,3071,DL,18,28,1692,15,0,16,712.00,24.00
8453,845,3,d216,DL,18,28,1692,15,0,16,712.00,24.00
8707,870,7,3071,DL,18,28,1692,15,0,16,712.00,24.00
8838,883,8,d216,DL,18,28,1692,15,0,16,712.00,24.00
9105,910,5,3071,DL,18,28,1692,15,0,16,712.00,24.00
9238,923,8,d216,DL,18,28,1692,15,0,16,712.00,24.00
9486,948,6,3071,DL,18,28,1692,15,0,16,712.00,24.00
9610,961,0,d216,DL,17,28,1572,15,0,16,712.00,24.00
9867,986,7,3071,DL,18,28,1692,15,0,16,712.00,24.00
9983,998,3,d216,DL,18,28,1692,15,0,16,712.00,24.00
10233,1023,3,3071,DL,18,28,1692,15,0,16,712.00,24.00
121,12,1,d216,DL,18,28,1692,15,0,16,712.00,24.00
380,38,0,3071,DL,17,28,1572,15,0,16,712.00,24.00
501,50,1,d216,DL,18,28,1692,15,0,16,712.00,24.00
754,75,4,3071,DL,18,28,1692,15,0,16,712.00,24.00
863,86,3,d216,DL,18,28,1692,15,0,16,712.00,24.00
1130,113,0,3071,DL,17,28,1572,15,0,16,712.00,24.00
1258,125,8,d216,DL,18,28,1692,15,0,16,712.00,24.00
1525,152,5,3071,DL,18,28,1692,15,0,16,712.00,24.00
1648,164,8,d216,DL,18,28,1692,15,0,16,712.00,24.00
1925,192,5,3071,DL,18,28,1692,15,0,16,712.00,24.00
2058,205,8,d216,DL,18,28,1692,15,0,16,712.00,24.00
2333,233,3,3071,DL,18,28,1692,15,0,16,712.00,24.00
2460,246,0,d216,DL,17,28,1572,15,0,16,712.00,24.00
2698,269,8,3071,DL,18,28,1692,15,0,16,712.00,24.00
2820,282,0,d216,DL,17,28,1572,15,0,16,712.00,24.00
3053,305,3,3071,DL,18,28,1692,15,0,16,712.00,24.00
3160,316,0,d216,DL,17,28,1572,15,0,16,712.00,24.00
3373,337,3,3071,DL,18,28,1692,15,0,16,712.00,24.00
3485,348,5,d216,DL,18,28,1692,15,0,16,712.00,24.00
3705,370,5,3071,DL,18,28,1692,15,0,16,712.00,24.00
3792,379,2,d216,DL,18,28,1692,15,0,16,712.00,24.00
4037,403,7,3071,DL,18,28,1692,15,0,16,712.00,24.00
4139,413,9,d216,DL,18,28,1692,15,0,16,712.00,24.00
4350,435,0,3071,DL,17,28,1572,15,0,16,712.00,24.00
4463,446,3,d216,DL,18,28,1692,15,0,16,712.00,24.00
4694,469,4,3071,DL,18,28,1692,15,0,16,712.00,24.00
4797,479,7,d216,DL,18,28,1692,15,0,16,712.00,24.00
4993,499,3,3071,DL,18,28,1692,15,0,16,712.00,24.00
5106,510,6,d216,DL,18,28,1692,15,0,16,712.00,24.00
5365,536,5,3071,DL,18,28,1692,15,0,16,712.00,24.00
5490,549,0,d216,DL,17,28,1572,15,0,16,712.00,24.00
5751,575,1,3071,DL,18,28,1692,15,0,16,712.00,24.00
5878,587,8,d216,DL,18,28,1692,15,0,16,712.00,24.00
6161,616,1,3071,DL,18,28,1692,15,0,16,712.00,24.00
6286,628,6,d216,DL,18,28,1692,15,0,16,712.00,24.00
6560,656,0,3071,DL,17,28,1572,15,0,16,712.00,24.00
6688,668,8,d216,DL,18,28,1692,15,0,16,712.00,24.00
6970,697,0,3071,DL,17,28,1572,15,0,16,712.00,24.00
7096,709,6,d216,DL,18,28,1692,15,0,16,712.00,24.00
7368,736,8,3071,DL,18,28,1692,15,0,16,712.00,24.00
7498,749,8,d216,DL,18,28,1692,15,0,16,712.00,24.00
7762,776,2,3071,DL,18,28,1692,15,0,16,712.00,24.00
7888,788,8,d216,DL,18,28,1692,15,0,16,712.00,24.00
8158,815,8,3071,DL,18,28,1692,15,0,16,712.00,24.00
8283,828,3,d216,DL,18,28,1692,15,0,16,712.00,24.00
8546,854,6,3071,DL,18,28,1692,15,0,16,712.00,24.00
8667,866,7,d216,DL,18,28,1692,15,0,16,712.00,24.00
8932,893,2,3071,DL,18,28,1692,15,0,16,712.00,24.00
9060,906,0,d216,DL,17,28,1572,15,0,16,712.00,24.00
9337,933,7,3071,DL,18,28,1692,15,0,16,712.00,24.00
9464,946,4,d216,DL,18,28,1692,15,0,16,712.00,24.00
9735,973,5,3071,DL,18,28,1692,15,0,16,712.00,24.00
9861,986,1,d216,DL,18,28,1692,15,0,16,712.00,24.00
10137,1013,7,3071,DL,18,28,1692,15,0,16,712.00,24.00
24,2,4,d216,DL,18,28,1692,15,0,16,712.00,24.00
307,30,7,3071,DL,18,28,1692,15,0,16,712.00,24.00
432,43,2,d216,DL,18,28,1692,15,0,16,712.00,24.00
712,71,2,3071,DL,18,28,1692,15,0,16,712.00,24.00
849,84,9,d216,DL,18,28,1692,15,0,16,712.00,24.00
1125,112,5,3071,DL,18,28,1692,15,0,16,712.00,24.00
1258,125,8,d216,DL,18,28,1692,15,0,16,712.00,24.00
1515,151,5,3071,DL,18,28,1692,15,0,16,712.00,24.00
1644,164,4,d216,DL,18,28,1692,15,0,16,712.00,24.00
1881,188,1,3071,DL,18,28,1692,15,0,16,712.00,24.00
2009,200,9,d216,DL,18,28,1692,15,0,16,712.00,24.00
2285,228,5,3071,DL,18,28,1692,15,0,16,712.00,24.00
2414,241,4,d216,DL,18,28,1692,15,0,16,712.00,24.00
2683,268,3,3071,DL,18,28,1692,15,0,16,712.00,24.00
2812,281,2,d216,DL,18,28,1692,15,0,16,712.00,24.00
3087,308,7,3071,DL,18,28,1692,15,0,16,712.00,24.00
3221,322,1,d216,DL,18,28,1692,15,0,16,712.00,24.00
3496,349,6,3071,DL,18,28,1692,15,0,16,712.00,24.00
3618,361,8,d216,DL,18,28,1692,15,0,16,712.00,24.00
3883,388,3,3071,DL,18,28,1692,15,0,16,712.00,24.00
4013,401,3,d216,DL,18,28,1692,15,0,16,712.00,24.00
4291,429,1,3071,DL,18,28,1692,15,0,16,712.00,24.00
4414,441,4,3071,DL,2,0,4,15,0,1,712.00,1.50
4415,441,5,3071,DL,2,14,61,15,0,1,712.00,1.50
4425,442,5,d216,DL,18,28,1692,15,0,16,712.00,24.00
4442,444,2,3071,DL,2,0,4,15,0,1,712.00,1.50
4443,444,3,3071,DL,2,23,125,15,0,1,712.00,1.50
4528,452,8,3071,DL,2,0,4,15,0,1,712.00,1.50
4529,452,9,3071,DL,4,28,373,15,0,3,712.00,4.50
4562,456,2,3071,DL,2,0,4,15,0,1,712.00,1.50
4563,456,3,3071,DL,2,14,61,15,0,1,712.00,1.50
4588,458,8,3071,DL,2,0,4,15,0,1,712.00,1.50
4818,481,8,d216,DL,18,28,1692,15,0,16,712.00,24.00
4942,494,2,d216,DL,2,0,4,15,0,1,712.00,1.50
4943,494,3,d216,DL,2,14,61,15,0,1,712.00,1.50
4970,497,0,d216,DL,2,0,4,15,0,1,712.00,1.50
4971,497,1,d216,DL,2,23,125,15,0,1,712.00,1.50
5052,505,2,d216,DL,2,0,4,15,0,1,712.00,1.50
5053,505,3,d216,DL,4,28,373,15,0,3,712.00,4.50
5080,508,0,d216,DL,2,0,4,15,0,1,712.00,1.50
5081,508,1,d216,DL,2,14,61,15,0,1,712.00,1.50
5110,511,0,d216,DL,2,0,4,15,0,1,712.00,1.50
3873,387,3,5da3,DL,2,0,4,15,0,1,712.00,1.50
7862,786,2,3071,DL,2,0,4,15,0,1,712.00,1.50
1812,181,2,d216,DL,2,0,4,15,0,1,712.00,1.50
5408,540,8,5da3,DL,2,0,4,15,0,1,712.00,1.50
9548,954,8,3071,DL,2,0,4,15,0,1,712.00,1.50
2052,205,2,d216,DL,2,0,4,15,0,1,712.00,1.50
10191,1019,1,5da3,DL,2,0,4,15,0,1,712.00,1.50
9454,945,4,3071,DL,2,0,4,15,0,1,712.00,1.50
692,69,2,d216,DL,2,0,4,15,0,1,712.00,1.50
660,66,0,4084,DL,4,0,11,0,0,1,117.22,4.20
674,67,4,5da3,DL,2,3,13,15,0,1,712.00,1.50
755,75,5,5da3,DL,2,3,13,15,0,1,712.00,1.50
836,83,6,5da3,DL,2,3,13,15,0,1,712.00,1.50
917,91,7,5da3,DL,2,3,13,15,0,1,712.00,1.50
998,99,8,5da3,DL,2,3,13,15,0,1,712.00,1.50
1067,106,7,4084,DL,2,12,47,15,0,1,700.05,1.53
1079,107,9,5da3,DL,2,3,13,15,0,1,712.00,1.50
1086,108,6,4084,DL,2,0,4,15,0,1,702.12,1.52
1108,110,8,4084,DL,2,7,28,15,0,1,704.08,1.52
1135,113,5,4084,DL,2,0,4,15,0,1,705.96,1.51
2382,238,2,ac84,DL,4,0,11,0,0,1,623.69,0.79
2395,239,5,ac84,DL,14,0,47,0,0,1,587.48,0.84
2396,239,6,ac84,DL,2,0,4,0,0,1,584.88,0.84
2397,239,7,ac84,DL,2,0,4,0,0,1,582.31,0.84
2398,239,8,ac84,DL,2,0,4,0,0,1,579.77,0.85
2399,239,9,ac84,DL,2,0,4,0,0,1,577.25,0.85
2400,240,0,ac84,DL,2,0,4,0,0,1,574.76,0.86
2401,240,1,ac84,DL,2,0,4,0,0,1,572.29,0.86
2402,240,2,ac84,DL,2,0,4,0,0,1,569.85,0.86
2403,240,3,ac84,DL,2,0,4,0,0,1,567.43,0.87
2404,240,4,ac84,DL,2,0,4,0,0,1,565.04,0.87
2405,240,5,ac84,DL,2,0,4,0,0,1,562.67,0.87
2407,240,7,ac84,DL,2,0,4,0,0,1,558.00,0.88
2408,240,8,ac84,DL,2,0,4,0,0,1,555.70,0.89
2409,240,9,ac84,DL,2,1,7,15,0,1,553.42,1.93
2422,242,2,a0c9,DL,4,0,11,0,0,1,75.43,6.52
2433,243,3,ac84,DL,2,0,4,15,0,1,587.41,1.82
2437,243,7,a0c9,DL,14,0,47,0,0,1,110.77,4.44
2438,243,8,a0c9,DL,2,0,4,0,0,1,112.94,4.36
2439,243,9,a0c9,DL,2,0,4,0,0,1,115.09,4.27
2440,244,0,a0c9,DL,2,0,4,0,0,1,117.22,4.20
2441,244,1,a0c9,DL,2,0,4,0,0,1,119.33,4.12
2442,244,2,a0c9,DL,2,0,4,0,0,1,121.42,4.05
2443,244,3,a0c9,DL,2,0,4,0,0,1,123.48,3.98
2444,244,4,a0c9,DL,2,0,4,0,0,1,125.53,3.92
2445,244,5,a0c9,DL,2,0,4,0,0,1,127.55,3.86
2446,244,6,a0c9,DL,2,0,4,0,0,1,129.56,3.80
2447,244,7,a0c9,DL,2,0,4,0,0,1,131.54,3.74
2448,244,8,a0c9,DL,2,0,4,0,0,1,133.51,3.69
2449,244,9,a0c9,DL,2,1,7,15,0,1,135.45,7.88
2466,246,6,a0c9,DL,2,0,4,15,0,1,226.00,4.73
2468,246,8,ac84,DL,2,7,28,15,0,1,624.36,1.71
2493,249,3,ac84,DL,2,0,4,15,0,1,643.83,1.66
2495,249,5,a0c9,DL,2,7,28,15,0,1,348.88,3.06
2516,251,6,a0c9,DL,2,0,4,15,0,1,417.97,2.56
2518,251,8,ac84,DL,2,3,13,15,0,1,658.97,1.62
2543,254,3,ac84,DL,2,0,4,15,0,1,670.76,1.59
2544,254,4,ac84,DL,2,5,18,15,0,1,671.17,1.59
2563,256,3,ac84,DL,2,0,4,15,0,1,678.27,1.57
2564,256,4,ac84,DL,2,27,157,15,0,1,678.60,1.57
2565,256,5,a0c9,DL,2,3,13,15,0,1,532.31,2.01
2583,258,3,ac84,DL,2,0,4,15,0,1,684.41,1.56
2586,258,6,a0c9,DL,2,0,4,15,0,1,566.50,1.89
2587,258,7,a0c9,DL,2,5,18,15,0,1,567.96,1.88
2591,259,1,ac84,DL,2,0,4,15,0,1,686.54,1.56
2606,260,6,a0c9,DL,2,0,4,15,0,1,593.00,1.80
2607,260,7,a0c9,DL,2,27,157,15,0,1,594.19,1.80
2613,261,3,ac84,DL,2,0,4,15,0,1,691.59,1.54
2620,262,0,ac84,DL,2,11,41,15,0,1,692.98,1.54
2626,262,6,a0c9,DL,2,0,4,15,0,1,614.67,1.74
2626,262,6,ac84,DL,2,1,7,15,0,1,694.09,1.54
2636,263,6,ac84,DL,2,11,41,15,0,1,695.80,1.53
2642,264,2,a0c9,DL,2,1,7,15,0,1,629.12,1.70
2648,264,8,a0c9,DL,2,11,41,15,0,1,633.97,1.68
2652,265,2,ac84,DL,2,0,4,15,0,1,698.21,1.53
2664,266,4,a0c9,DL,2,11,41,15,0,1,645.56,1.65
2677,267,7,a0c9,DL,2,1,7,15,0,1,653.70,1.63
2703,270,3,a0c9,DL,2,0,4,15,0,1,667.11,1.60
6230,623,0,4084,DL,2,7,28,15,0,1,712.00,1.50
6249,624,9,4084,DL,2,0,4,15,0,1,712.00,1.50
6251,625,1,4084,DL,2,3,13,15,0,1,712.00,1.50
9590,959,0,ac84,DL,2,0,4,15,0,1,712.00,1.50
10028,1002,8,d216,DL,2,3,13,15,0,1,712.00,1.50
10039,1003,9,3071,DL,2,3,13,15,0,1,712.00,1.50
10109,1010,9,d216,DL,2,3,13,15,0,1,712.00,1.50
10120,1012,0,3071,DL,2,3,13,15,0,1,712.00,1.50
10190,1019,0,d216,DL,2,3,13,15,0,1,712.00,1.50
10201,1020,1,3071,DL,2,3,13,15,0,1,712.00,1.50
31,3,1,d216,DL,2,3,13,15,0,1,712.00,1.50
36,3,6,a0c9,DL,2,0,4,15,0,1,712.00,1.50
42,4,2,3071,DL,2,3,13,15,0,1,712.00,1.50
112,11,2,d216,DL,2,3,13,15,0,1,712.00,1.50
123,12,3,3071,DL,2,3,13,15,0,1,712.00,1.50
193,19,3,d216,DL,2,3,13,15,0,1,712.00,1.50
204,20,4,3071,DL,2,3,13,15,0,1,712.00,1.50
2261,226,1,ac84,DL,2,0,4,15,0,1,712.00,1.50
2986,298,6,a0c9,DL,2,0,4,15,0,1,712.00,1.50
8563,856,3,ac84,DL,2,0,4,15,0,1,712.00,1.50
163,16,3,a0c9,DL,2,0,4,15,0,1,712.00,1.50
10142,1014,2,ac84,DL,2,0,4,15,0,1,712.00,1.50
10143,1014,3,a0c9,DL,2,0,4,15,0,1,712.00,1.50
4876,487,6,a0c9,DL,2,0,4,15,0,1,712.00,1.50
23,2,3,ac84,DL,2,0,4,15,0,1,712.00,1.50
2503,250,3,a0c9,DL,2,0,4,15,0,1,712.00,1.50
7260,726,0,ac84,DL,2,0,4,15,0,1,712.00,1.50
8856,885,6,a0c9,DL,2,0,4,15,0,1,712.00,1.50
5743,574,3,ac84,DL,2,0,4,15,0,1,712.00,1.50
8486,848,6,a0c9,DL,2,0,4,15,0,1,712.00,1.50
